{"cameraMode":{"drawMode":0,"name":"Shaded","section":"Shading Mode"},"sceneLighting":false,"audioPlay":false,"sceneViewState":{"m_AlwaysRefresh":false,"showFog":true,"showSkybox":false,"showFlares":true,"showImageEffects":true,"showParticleSystems":true,"showVisualEffectGraphs":true,"m_FxEnabled":true},"in2DMode":false,"pivot":{"x":0.6847074627876282,"y":1.483809232711792,"z":2.304029703140259},"rotation":{"x":-0.17591729760169984,"y":-0.07138670235872269,"z":0.01279135700315237,"w":-0.9817309379577637},"size":2.1270673274993898,"orthographic":false}